<?xml version="1.0" encoding="UTF-8" ?>
<XMLDB PATH="course/format/buttons/db" VERSION="20181010" COMMENT="XMLDB file for Moodle course/format/buttons"
    xmlns:xsi="http://www.w3.org/2001/XMLSchema-instance"
    xsi:noNamespaceSchemaLocation="../../../../lib/xmldb/xmldb.xsd"
>
  <TABLES>
    <TABLE NAME="format_buttons_userstate" COMMENT="format_buttons_userstate table to save users' states in course format">
      <FIELDS>
        <FIELD NAME="id" TYPE="int" LENGTH="10" NOTNULL="true" SEQUENCE="true"/>
        <FIELD NAME="userid" TYPE="int" LENGTH="10" NOTNULL="true" SEQUENCE="false" COMMENT="user id"/>
        <FIELD NAME="courseid" TYPE="int" LENGTH="10" NOTNULL="true" SEQUENCE="false" COMMENT="course id"/>
        <FIELD NAME="section" TYPE="int" LENGTH="10" NOTNULL="false" SEQUENCE="false" COMMENT="section number (relative)"/>
        <FIELD NAME="cmid" TYPE="int" LENGTH="10" NOTNULL="false" SEQUENCE="false" COMMENT="course module id"/>
      </FIELDS>
      <KEYS>
        <KEY NAME="primary" TYPE="primary" FIELDS="id"/>
      </KEYS>
    </TABLE>
  </TABLES>
</XMLDB>